{"Mods":[{"Author":"SwissFred","Name":"Loot Master","Folder":"LootMaster_f4695834-1216-1ca7-52f4-890783ae3003","Version":"144115188075855898","Description":"Loot Master: You gain 4 spells with a target radius of 24 feet. Loot Corpses loots all corpses except allies. Loot Containers loots all non-empty containers. Loot All loots both corpses and containers. Remove Mod uninstalls the mod.","UUID":"f4695834-1216-1ca7-52f4-890783ae3003","Created":"2025-02-14T16:24:03.2911087+08:00","Dependencies":[],"Group":"5cfea637-b11b-41ae-bb33-8e4b3c463252"}],"MD5":"f0f24c5b92ccf93840f5a7ef78028e9b"}